{
  "identifier": "org.mazaitis.paul.context",
  "name": "ConTeXt",
  "organization": "Paul Mazaitis",
  "description": "ConTeXt language support.",
  "version": "0.6.0",
  "categories": ["languages","tasks","completions"],
  "license": "MIT",
  "main": "main.js",
  "activationEvents": [
    "onLanguage:context",
    "onWorkspaceContains:*.mkiv",
    "onWorkspaceContains:*.lmtx"
  ],
  "entitlements": {
    "clipboard": false,
    "process": true,
    "requests": false,
    "filesystem": "readwrite"
  },
  "links": {
    "repository": "https://github.com/pmazaitis/nova-context",
    "funding": "https://github.com/sponsors/pmazaitis",
    "bugs": "https://github.com/pmazaitis/nova-context/issues/new?assignees=&labels=&projects=&template=bug_report.md&title=",
  },
  "config": [
    {
      "title": "ConTeXt Options",
      "description": "Options for building ConTeXt documents",
      "type": "section",
      "children": [
        {
          "key": "org.mazaitis.context.path",
          "title": "Path to ConTeXt",
          "description": "Path to the `context` utility. May be simply 'context' if it is in your PATH.",
          "type": "path",
          "default": "context"
        }
      ]
    },
    {
      "title": "Skim Options",
      "description": "These options apply to using Skim as PDF previewer.",
      "type": "section",
      "children": [
        {
          "key": "org.mazaitis.context.skim.path",
          "title": "Path to Skim",
          "description": "The Skim application is used for previewing generated PDF files. Make sure that Nova is selected in Skim’s PDF–TeX Sync preferences, as explained in the Extension Help.",
          "type": "path",
          "default": "/Applications/Skim.app"
        },
        {
          "key": "org.mazaitis.context.skim.revert",
          "title": "Revert Skim on Run",
          "description": "Causes the PDF file in Skim to be reloaded when you use the Run action. Should only be used if Skim isn't set up to do this automatically.",
          "type": "boolean",
          "default": false
        },
        {
          "key": "org.mazaitis.context.skim.background",
          "title": "Keep Skim in Background on Run",
          "description": "Don't bring the Skim window into foreground when the Run action is used.",
          "type": "boolean",
          "default": false
        }
      ]
    }
  ],
  "configWorkspace": [
    {
      "title": "ConTeXt Options",
      "description": "Options for building ConTeXt documents",
      "type": "section",
      "children": [
        {
          "key": "org.mazaitis.context.path",
          "title": "Path to ConTeXt",
          "description": "Path to the `context` utility (overrides global setting if given).",
          "type": "path",
          "default": "context"
        }
      ] 
    },
    {
      "title": "Clean Options",
      "description": "Files to remove when running the Clean task.",
      "type": "section",
      "children": [
        {
          "key": "org.mazaitis.context.clean.log",
          "title": "Remove Log File",
          "description": "Remove the .log file associated with the current source file.",
          "type": "boolean",
          "default": false
        },
        {
          "key": "org.mazaitis.context.clean.tuc",
          "title": "Remove Tuc File",
          "description": "Remove the .tuc file associated with the current source file.",
          "type": "boolean",
          "default": false
        },
        {
          "key": "org.mazaitis.context.clean.pgf",
          "title": "Remove Pgf File",
          "description": "Remove the .pgf file associated with the current source file.",
          "type": "boolean",
          "default": false
        },
        {
          "key": "org.mazaitis.context.clean.synctex",
          "title": "Remove SyncTeX File",
          "description": "Remove the .synctex file associated with the current source file.",
          "type": "boolean",
          "default": false
        },
        {
          "key": "org.mazaitis.context.clean.pdf",
          "title": "Remove PDF File",
          "description": "Remove the .pdf file associated with the current source file.",
          "type": "boolean",
          "default": false
        },
      ]
    }
  ],
  "taskTemplates": {
    "context": {
      "name": "Compile ConTeXt Project File",
      "description": "Builds the PDF with ConTeXt. Supports auto-update & preview with Skim via run button.",
      "config": [
        {
          "key": "org.mazaitis.context.mainfile",
          "title": "Project File",
          "description": "source file (defaults to the current file)",
          "default": "",
          "type": "path",
          "filetype": ["tex", "mkiv", "lmtx"],
          "required": true
        }
      ],
      "tasks": {
        "build": {
          "resolve": "org.mazaitis.context.tasks",
          "data": "context"
        },
        "run": {
          "resolve": "org.mazaitis.context.tasks",
          "data": "context",
          "buildBeforeRunning": false
        },
        "clean": {
          "resolve": "org.mazaitis.context.tasks",
          "data": "context"
        }
      }
    }
  }
}
